company_name,quarter,year,capital_expenditures,cash,common_shareholders'_equity,common_shares_outstanding,eps_int_surp_pdiff,eps_int_surp_value,funds_from_operations,ltg_mean_estimate,net_inc_before_extra_pfd_divs,net_sales_or_revenues,operating_income,tot_return_ind,total_assets,total_liabilities,turnover_by_volume,isin_code,earnings_date,ticker,pre_window_start,pre_window_end,post_window_start,post_window_end,has_full_pre_window,has_full_post_window,stock_return_30d,spy_return_30d,excess_return_30d,label_outperform_30d,f_eps_surprise_value,f_eps_surprise_pct,f_revenue_growth_qoq,f_revenue_growth_yoy,f_operating_margin,f_net_margin,f_net_income_change_qoq,f_net_income_change_yoy,f_cashflow_proxy_ffo_capex,f_leverage,f_equity_ratio,f_cash_to_assets_ratio,f_roa,f_roe,f_asset_turnover,stock_momentum_1m,stock_momentum_3m,stock_momentum_6m,pre_volatility_30d,pre_avg_volume_30d,spy_pre_return_30d
3M COMPANY,1,2010,1091000.0,3377000.0,15663000.0,711978.0,,,5038000.0,,4085000.0,26662000.0,5941000.0,2531.01,29508000.0,13491000.0,261098.5,US88579Y1010,2010-04-27,MMM,2010-03-28,2010-04-26,2010-04-28,2010-05-27,True,True,-0.07137347650931869,-0.07220640735548056,0.0008329308461618723,1.0,,,,,0.2228264946365614,0.1532143125046883,,,3947000.0,0.4571980479869866,0.5308052053680358,0.114443540734716,0.13843703402467128,0.26080572048777373,0.9035515792327504,0.07472952367513752,0.07820888197408027,0.18973558688514136,0.010802135926571324,5091096.95,0.034350236739257856
3M COMPANY,1,2011,1379000.0,2219000.0,15420000.0,694970.0,,,5943000.0,,4283000.0,29611000.0,6165000.0,2725.4,30598000.0,14736000.0,291883.4,US88579Y1010,2011-04-26,MMM,2011-03-27,2011-04-25,2011-04-27,2011-05-26,True,True,-0.032164083871565774,-0.019680134148168493,-0.01248394972339728,0.0,,,0.11060685619983501,0.11060685619983501,0.20819965553341663,0.14464219377933876,198000.0,198000.0,4564000.0,0.4816001045819988,0.5039545068305118,0.07252107980913786,0.13997646905026473,0.2777561608300908,0.9677429897378914,0.02171020679311564,0.06989872221437365,0.05433066487658311,0.008397483262009935,3452056.6,0.02030847462393104
3M COMPANY,1,2012,1484000.0,2883000.0,17575000.0,687092.0,,,5554000.0,,4444000.0,29904000.0,6507000.0,2633.04,33298000.0,15258000.0,335721.9,US88579Y1010,2012-04-24,MMM,2012-03-25,2012-04-23,2012-04-25,2012-05-24,True,True,-0.03639033611453957,-0.04784786595140422,0.011457529836864655,1.0,,,0.009894971463307645,0.009894971463307645,0.21759630818619582,0.14860888175494916,161000.0,161000.0,4070000.0,0.4582257192624182,0.5278094780467295,0.08658177668328428,0.13346146915730675,0.2528591749644381,0.8980719562736501,-0.02232959826846692,0.020809469885476606,0.14694817215417988,0.009659379801595282,2998072.9,-0.03403739271942041
3M COMPANY,1,2013,1665000.0,2581000.0,17502000.0,663296.0,,,5977000.0,,4659000.0,30871000.0,6685000.0,3071.92,33190000.0,15242000.0,212764.4,US88579Y1010,2013-04-25,MMM,2013-03-26,2013-04-24,2013-04-26,2013-05-25,True,True,0.06849106452029163,0.044678032818961544,0.02381303170133009,1.0,,,0.03233681112894593,0.03233681112894593,0.21654627320138642,0.15091833759839332,215000.0,215000.0,4312000.0,0.45923470924977405,0.5273275082856282,0.07776438686351311,0.14037360650798433,0.26619814878299625,0.9301295570955107,0.02567275367513866,0.088955079107925,0.24112032453029775,0.008334916188771899,3102270.1904761903,0.010819983821890311
3M COMPANY,1,2014,1493000.0,1897000.0,13109000.0,635135.0,,,6726000.0,,4956000.0,31821000.0,7145000.0,4745.04,30380000.0,17238000.0,205426.1,US88579Y1010,2014-04-24,MMM,2014-03-25,2014-04-23,2014-04-25,2014-05-24,True,True,0.03987830648037405,0.021793938147602665,0.018084368332771383,1.0,,,0.030773217582844792,0.030773217582844792,0.22453725527167595,0.15574620533609881,297000.0,297000.0,5233000.0,0.567412771560237,0.4315009874917709,0.062442396313364054,0.1631336405529954,0.378060874208559,1.047432521395655,0.04206320604608993,0.03107918772688123,0.1218310299974692,0.008661780019837242,3003577.476190476,0.006118896911644578
3M COMPANY,1,2015,1461000.0,1798000.0,11708000.0,609330.0,,,7210000.0,,4833000.0,30274000.0,7062000.0,5693.61,32208000.0,20461000.0,211303.1,US88579Y1010,2015-04-23,MMM,2015-03-24,2015-04-22,2015-04-24,2015-05-23,True,True,0.018918935200554765,0.006331427099997233,0.012587508100557532,1.0,,,-0.04861569403852806,-0.04861569403852806,0.23326947215432384,0.15964193697562265,-123000.0,-123000.0,5749000.0,0.6352769498261301,0.36351217088922005,0.05582463984103329,0.15005588673621462,0.4127946703108985,0.9399528067560854,-0.008788024950642459,-0.0011802014436564923,0.12109566622839574,0.011112422479808348,2462490.0,0.008667616351785368
3M COMPANY,1,2016,1420000.0,2398000.0,10298000.0,596726.0,,,6669000.0,,5050000.0,30109000.0,7226000.0,5357.19,32484000.0,22141000.0,185889.9,US88579Y1010,2016-04-26,MMM,2016-03-27,2016-04-25,2016-04-27,2016-05-26,True,True,0.013558820021886575,-4.8282346975847545e-05,0.013607102368862423,1.0,,,-0.00545022131201689,-0.00545022131201689,0.2399946859742934,0.16772393636454216,217000.0,217000.0,5249000.0,0.6815970939539465,0.3170176086688831,0.07382095801009728,0.1554611501046669,0.49038648281219654,0.9268870828715675,0.012629379005021146,0.17140863055277977,0.07990209945142435,0.00569287033094413,2199540.8571428573,0.02642204162988615
3M COMPANY,1,2017,1373000.0,3053000.0,11563000.0,594884.0,,,5881000.0,,5620000.0,31657000.0,7326000.0,6520.81,37476000.0,25854000.0,147021.2,US88579Y1010,2017-04-24,MMM,2017-03-25,2017-04-23,2017-04-25,2017-05-24,True,True,0.01813902616194918,0.008635606453405886,0.009503419708543293,1.0,,,0.05141319871134886,0.05141319871134886,0.23141801181413274,0.17752787693085256,570000.0,570000.0,4508000.0,0.6898815241754723,0.30854413491301097,0.08146547123492369,0.1499626427580318,0.48603303640923634,0.8447272921336322,-5.212454316494419e-05,0.07975548211545158,0.16695475568350426,0.0036006810087344464,1938552.2105263157,0.004151915343947099
3M COMPANY,1,2018,1577000.0,2853000.0,9796000.0,576575.0,,,6711000.0,,5525000.0,32765000.0,6795000.0,8797.58,36135000.0,26287000.0,141652.6,US88579Y1010,2018-04-24,MMM,2018-03-25,2018-04-23,2018-04-25,2018-05-24,True,True,0.009725659138286158,0.034783111586796256,-0.025057452448510098,0.0,,,0.03500015794295108,0.03500015794295108,0.20738593010834733,0.16862505722569815,-95000.0,-95000.0,5134000.0,0.7274664452746644,0.2710945067109451,0.07895392278953922,0.15289885152898852,0.5640057166190282,0.9067386190673862,-0.01979663337541071,-0.1183749736992219,-0.08175517206060479,0.014488716909048932,2958240.2,0.0055075196771376955
3M COMPANY,1,2019,1699000.0,2353000.0,10063000.0,575185.0,,,6267000.0,,4570000.0,32136000.0,6972000.0,7309.87,44138000.0,34012000.0,200789.6,US88579Y1010,2019-04-25,MMM,2019-03-26,2019-04-24,2019-04-26,2019-05-25,True,True,-0.1260440497574733,-0.03622939493416921,-0.08981465482330409,0.0,,,-0.019197314207233362,-0.019197314207233362,0.2169529499626587,0.14220811550908638,-955000.0,-955000.0,4568000.0,0.7705831709637954,0.22798948751642575,0.05331007295301101,0.10353890072046762,0.45413892477392426,0.7280801123748244,0.07809619161980685,0.1458271496016037,0.20087109496539823,0.007731903349503025,2042078.9523809524,0.03952029768346055
3M COMPANY,1,2020,1501000.0,4634000.0,12867000.0,577750.0,,,7655000.0,,5384000.0,32184000.0,7039000.0,6998.52,46473000.0,33542000.0,203070.7,US88579Y1010,2020-04-28,MMM,2020-03-29,2020-04-27,2020-04-29,2020-05-28,True,True,0.01353767673112527,0.03328697507946443,-0.01974929834833916,0.0,,,0.0014936519790889058,0.0014936519790889058,0.2187111608252548,0.1672880934625901,814000.0,814000.0,6154000.0,0.7217524153809739,0.2768704409011684,0.0997138123211327,0.1158522152647774,0.4184347555762804,0.6925311471176813,0.11550764284604909,-0.06364667353084974,-0.07119044171561995,0.025517277833616712,4416188.2,0.09707648141714986
3M COMPANY,1,2021,1603000.0,4564000.0,15046000.0,571845.0,,,8205000.0,,5921000.0,35355000.0,7493000.0,7193.55,46491000.0,31374000.0,175553.6,US88579Y1010,2021-04-27,MMM,2021-03-28,2021-04-26,2021-04-28,2021-05-27,True,True,0.0449423051483242,0.004528003928027102,0.0404143012202971,1.0,,,0.09852721849366142,0.09852721849366142,0.21193607693395558,0.16747277612784614,537000.0,537000.0,6602000.0,0.6748402916693553,0.3236325310275107,0.09816953819018735,0.1273579832655783,0.3935265186760601,0.7604697683422598,0.01987323016482123,0.143932824759899,0.28061657834339426,0.006960966034886311,2464083.0,0.05515691629046082
3M COMPANY,1,2022,1749000.0,3655000.0,14722000.0,549245.0,,,6261000.0,,5777000.0,34229000.0,7405000.0,7548.81,45496000.0,30726000.0,172223.5,US88579Y1010,2022-04-26,MMM,2022-03-27,2022-04-25,2022-04-27,2022-05-26,True,True,0.029928321825146043,-0.028662701353778575,0.05859102317892462,1.0,,,-0.031848394852213247,-0.031848394852213247,0.21633702416079933,0.1687750153378714,-144000.0,-144000.0,4512000.0,0.6753560752593635,0.32358888693511517,0.08033673289959557,0.12697819588535256,0.3924059231082733,0.7523518551081414,-0.005820567645030805,-0.13648093837334963,-0.15138315592761864,0.010796640429716162,2991626.55,-0.060099443487851234
3M COMPANY,1,2023,1615000.0,5933000.0,4807000.0,552581.0,,,6363000.0,,-6995000.0,32681000.0,6825000.0,5311.18,45662000.0,40794000.0,217257.7,US88579Y1010,2023-04-25,MMM,2023-03-26,2023-04-24,2023-04-26,2023-05-25,True,True,-0.04270099589453946,0.02544766248667174,-0.0681486583812112,0.0,,,-0.04522480937216977,-0.04522480937216977,0.2088369388941587,-0.21403873810470916,-12772000.0,-12772000.0,4748000.0,0.893390565459244,0.10527353160176953,0.12993298585256888,-0.15319083701984143,-1.4551695444143957,0.715715474574044,0.03517612664230918,-0.07433879606535698,-0.12226959751041844,0.01132935275202671,3688338.5,0.040707133111133054
3M COMPANY,1,2024,1181000.0,5600000.0,3842000.0,539470.0,,,1890000.0,,4173000.0,24575000.0,6781000.0,5134.35,35722000.0,31828000.0,259931.1,US88579Y1010,2024-04-30,MMM,2024-03-31,2024-04-29,2024-05-01,2024-05-30,True,True,0.0044902684195358145,0.04448858773819242,-0.039998319318656606,0.0,,,-0.24803402588660073,-0.24803402588660073,0.27593082400813834,0.16980671414038656,11168000.0,11168000.0,709000.0,0.8909915458261015,0.10755276860198197,0.15676613851408097,0.1168187671462964,1.086153045288912,0.6879514024970607,-0.019782977203392282,0.17027847914583538,0.25681863986697406,0.010047523762175426,4527904.761904762,-0.02317287995308215
3M COMPANY,2,2010,1091000.0,3377000.0,15663000.0,711978.0,,,5038000.0,,4085000.0,26662000.0,5941000.0,2583.95,29508000.0,13491000.0,292172.1,US88579Y1010,2010-07-22,MMM,2010-06-22,2010-07-21,2010-07-23,2010-08-21,True,True,-0.05806272607365115,-0.026084811613435788,-0.03197791446021536,0.0,,,0.0,,0.2228264946365614,0.1532143125046883,0.0,,3947000.0,0.4571980479869866,0.5308052053680358,0.114443540734716,0.13843703402467128,0.26080572048777373,0.9035515792327504,0.010188049069605354,-0.037565222688834,0.023089466867739272,0.012821175325449408,5228165.857142857,-0.022816201562175786
3M COMPANY,2,2011,1379000.0,2219000.0,15420000.0,694970.0,,,5943000.0,,4283000.0,29611000.0,6165000.0,2941.92,30598000.0,14736000.0,261438.1,US88579Y1010,2011-07-26,MMM,2011-06-26,2011-07-25,2011-07-27,2011-08-25,True,True,-0.10629916784734661,-0.10964793238331993,0.0033487645359733254,1.0,,,0.0,0.11060685619983501,0.20819965553341663,0.14464219377933876,0.0,198000.0,4564000.0,0.4816001045819988,0.5039545068305118,0.07252107980913786,0.13997646905026473,0.2777561608300908,0.9677429897378914,0.030569166867626008,-0.0032275062476028182,0.0740817218295795,0.009842564270691159,4312130.15,0.046037107207463235
3M COMPANY,2,2012,1484000.0,2883000.0,17575000.0,687092.0,,,5554000.0,,4444000.0,29904000.0,6507000.0,2894.15,33298000.0,15258000.0,227192.2,US88579Y1010,2012-07-26,MMM,2012-06-26,2012-07-25,2012-07-27,2012-08-25,True,True,0.018660279259717916,0.02040653919686619,-0.0017462599371482757,0.0,,,0.0,0.009894971463307645,0.21759630818619582,0.14860888175494916,0.0,161000.0,4070000.0,0.4582257192624182,0.5278094780467295,0.08658177668328428,0.13346146915730675,0.2528591749644381,0.8980719562736501,0.03377952025296116,0.0004999380431978118,0.028674911434410255,0.01122657691466593,3650721.714285714,0.01500212154536218
3M COMPANY,2,2013,1665000.0,2581000.0,17502000.0,663296.0,,,5977000.0,,4659000.0,30871000.0,6685000.0,3516.98,33190000.0,15242000.0,194199.3,US88579Y1010,2013-07-25,MMM,2013-06-25,2013-07-24,2013-07-26,2013-08-24,True,True,-0.016055879903955295,-0.014724517222311828,-0.0013313626816434665,0.0,,,0.0,0.03233681112894593,0.21654627320138642,0.15091833759839332,0.0,215000.0,4312000.0,0.45923470924977405,0.5273275082856282,0.07776438686351311,0.14037360650798433,0.26619814878299625,0.9301295570955107,0.08213901113551336,0.11549573938497604,0.17025264276919905,0.006746400078368512,2919401.8095238097,0.06274808364459328
3M COMPANY,2,2014,1493000.0,1897000.0,13109000.0,635135.0,,,6726000.0,,4956000.0,31821000.0,7145000.0,4649.45,30380000.0,17238000.0,221711.8,US88579Y1010,2014-07-24,MMM,2014-06-24,2014-07-23,2014-07-25,2014-08-23,True,True,-0.0009000991588515861,0.0074348527173695445,-0.00833495187622113,0.0,,,0.0,0.030773217582844792,0.22453725527167595,0.15574620533609881,0.0,297000.0,5233000.0,0.567412771560237,0.4315009874917709,0.062442396313364054,0.1631336405529954,0.378060874208559,1.047432521395655,0.004094803826948157,0.06525827273920126,0.12520382551736708,0.006175460415683327,2100996.0476190476,0.02023626883348628
3M COMPANY,2,2015,1461000.0,1798000.0,11708000.0,609330.0,,,7210000.0,,4833000.0,30274000.0,7062000.0,5666.34,32208000.0,20461000.0,170334.4,US88579Y1010,2015-07-23,MMM,2015-06-23,2015-07-22,2015-07-24,2015-08-22,True,True,-0.04186138450129584,-0.04889424430384537,0.007032859802549529,1.0,,,0.0,-0.04861569403852806,0.23326947215432384,0.15964193697562265,0.0,-123000.0,5749000.0,0.6352769498261301,0.36351217088922005,0.05582463984103329,0.15005588673621462,0.4127946703108985,0.9399528067560854,-0.026741300495050302,-0.020464276203442933,-0.04057171351278821,0.008933644349283365,2803395.4285714286,-0.0031597886420527965
3M COMPANY,2,2016,1420000.0,2398000.0,10298000.0,596726.0,,,6669000.0,,5050000.0,30109000.0,7226000.0,6001.23,32484000.0,22141000.0,199949.9,US88579Y1010,2016-07-26,MMM,2016-06-26,2016-07-25,2016-07-27,2016-08-25,True,True,0.013625398526321275,0.0054497951834404645,0.00817560334288081,1.0,,,0.0,-0.00545022131201689,0.2399946859742934,0.16772393636454216,0.0,217000.0,5249000.0,0.6815970939539465,0.3170176086688831,0.07382095801009728,0.1554611501046669,0.49038648281219654,0.9268870828715675,0.07440608702968499,0.08813394436947042,0.2513397633137848,0.007117108851212252,2302742.6,0.0854207328752834
3M COMPANY,2,2017,1373000.0,3053000.0,11563000.0,594884.0,,,5881000.0,,5620000.0,31657000.0,7326000.0,7009.53,37476000.0,25854000.0,147363.6,US88579Y1010,2017-07-25,MMM,2017-06-25,2017-07-24,2017-07-26,2017-08-24,True,True,0.021366290933685583,-0.013902888085346898,0.03526917901903248,1.0,,,0.0,0.05141319871134886,0.23141801181413274,0.17752787693085256,0.0,570000.0,4508000.0,0.6898815241754723,0.30854413491301097,0.08146547123492369,0.1499626427580318,0.48603303640923634,0.8447272921336322,-0.012276035180148415,0.08263332042963767,0.20313479430919257,0.006423718684635884,1747637.0,0.014509410708841264
3M COMPANY,2,2018,1577000.0,2853000.0,9796000.0,576575.0,,,6711000.0,,5525000.0,32765000.0,6795000.0,7993.26,36135000.0,26287000.0,199748.2,US88579Y1010,2018-07-24,MMM,2018-06-24,2018-07-23,2018-07-25,2018-08-23,True,True,-0.0013258369024604644,0.0062671036519146295,-0.007592940554375094,0.0,,,0.0,0.03500015794295108,0.20738593010834733,0.16862505722569815,0.0,-95000.0,5134000.0,0.7274664452746644,0.2710945067109451,0.07895392278953922,0.15289885152898852,0.5640057166190282,0.9067386190673862,0.015526284879171515,-0.004624296844990661,-0.18696557477953168,0.008382937310817039,2493851.35,0.0339484903449514
3M COMPANY,2,2019,1699000.0,2353000.0,10063000.0,575185.0,,,6267000.0,,4570000.0,32136000.0,6972000.0,8188.0,44138000.0,34012000.0,167423.7,US88579Y1010,2019-07-25,MMM,2019-06-25,2019-07-24,2019-07-26,2019-08-24,True,True,-0.09601061276522427,-0.05681894618274119,-0.039191666582483076,0.0,,,0.0,-0.019197314207233362,0.2169529499626587,0.14220811550908638,0.0,-955000.0,4568000.0,0.7705831709637954,0.22798948751642575,0.05331007295301101,0.10353890072046762,0.45413892477392426,0.7280801123748244,0.03483686779975881,-0.05120009898355038,-0.06990193534766598,0.01322251790268764,3042959.9523809524,0.03673128830847583
3M COMPANY,2,2020,1501000.0,4634000.0,12867000.0,577750.0,,,7655000.0,,5384000.0,32184000.0,7039000.0,5330.21,46473000.0,33542000.0,358177.4,US88579Y1010,2020-07-28,MMM,2020-06-28,2020-07-27,2020-07-29,2020-08-27,True,True,0.059670467944437755,0.07138896619391044,-0.011718498249472686,0.0,,,0.0,0.0014936519790889058,0.2187111608252548,0.1672880934625901,0.0,814000.0,6154000.0,0.7217524153809739,0.2768704409011684,0.0997138123211327,0.1158522152647774,0.4184347555762804,0.6925311471176813,0.04930269869322479,0.04599365423176183,0.02686395309901335,0.012643844662624916,2767556.05,0.06161755306407546
3M COMPANY,2,2021,1603000.0,4564000.0,15046000.0,571845.0,,,8205000.0,,5921000.0,35355000.0,7493000.0,7996.88,46491000.0,31374000.0,213188.0,US88579Y1010,2021-07-27,MMM,2021-06-27,2021-07-26,2021-07-28,2021-08-26,True,True,-0.0074085542505513136,0.016931439098896828,-0.02433999334944814,0.0,,,0.0,0.09852721849366142,0.21193607693395558,0.16747277612784614,0.0,537000.0,6602000.0,0.6748402916693553,0.3236325310275107,0.09816953819018735,0.1273579832655783,0.3935265186760601,0.7604697683422598,0.02631077558062911,0.04476260909738805,0.09739204259647694,0.010349103021828877,2595786.45,0.03169812224117741
3M COMPANY,2,2022,1749000.0,3655000.0,14722000.0,549245.0,,,6261000.0,,5777000.0,34229000.0,7405000.0,6421.23,45496000.0,30726000.0,265116.3,US88579Y1010,2022-07-26,MMM,2022-06-26,2022-07-25,2022-07-27,2022-08-25,True,True,0.03863647575057638,0.0460552186193155,-0.007418742868739114,0.0,,,0.0,-0.031848394852213247,0.21633702416079933,0.1687750153378714,0.0,-144000.0,4512000.0,0.6753560752593635,0.32358888693511517,0.08033673289959557,0.12697819588535256,0.3924059231082733,0.7523518551081414,0.00994012169738201,-0.060633630541620076,-0.19205566672170715,0.010208110377017784,3192387.35,0.017962297613556055
3M COMPANY,2,2023,1615000.0,5933000.0,4807000.0,552581.0,,,6363000.0,,-6995000.0,32681000.0,6825000.0,4693.37,45662000.0,40794000.0,271960.7,US88579Y1010,2023-07-25,MMM,2023-06-25,2023-07-24,2023-07-26,2023-08-24,True,True,-0.11245494792368227,-0.04087718237069138,-0.07157776555299089,0.0,,,0.0,-0.04522480937216977,0.2088369388941587,-0.21403873810470916,0.0,-12772000.0,4748000.0,0.893390565459244,0.10527353160176953,0.12993298585256888,-0.15319083701984143,-1.4551695444143957,0.715715474574044,0.03844247342216134,0.014227937537944824,-0.05023884266517753,0.01622984116771774,4190263.65,0.05275356105014728
3M COMPANY,2,2024,1181000.0,5600000.0,3842000.0,539470.0,,,1890000.0,,4173000.0,24575000.0,6781000.0,5367.87,35722000.0,31828000.0,385624.3,US88579Y1010,2024-07-26,MMM,2024-06-26,2024-07-25,2024-07-27,2024-08-25,True,True,0.04306503273617435,0.03188549518289707,0.011179537553277274,1.0,,,0.0,-0.24803402588660073,0.27593082400813834,0.16980671414038656,0.0,11168000.0,709000.0,0.8909915458261015,0.10755276860198197,0.15676613851408097,0.1168187671462964,1.086153045288912,0.6879514024970607,0.013130695727698427,0.13370417237864252,0.31335732599374433,0.011005518882410388,3281871.4285714286,-0.013015377565563924
3M COMPANY,3,2010,1091000.0,3377000.0,15663000.0,711978.0,,,5038000.0,,4085000.0,26662000.0,5941000.0,2436.02,29508000.0,13491000.0,387854.8,US88579Y1010,2010-10-28,MMM,2010-09-28,2010-10-27,2010-10-29,2010-11-27,True,True,0.00842210527047782,0.0026165619021130126,0.005805543368364807,1.0,,,0.0,,0.2228264946365614,0.1532143125046883,0.0,,3947000.0,0.4571980479869866,0.5308052053680358,0.114443540734716,0.13843703402467128,0.26080572048777373,0.9035515792327504,0.048497459434378554,0.05325169783686445,0.03202369615455214,0.009459472843448873,3743360.272727273,0.032354077489668454
3M COMPANY,3,2011,1379000.0,2219000.0,15420000.0,694970.0,,,5943000.0,,4283000.0,29611000.0,6165000.0,3071.62,30598000.0,14736000.0,238819.4,US88579Y1010,2011-10-25,MMM,2011-09-25,2011-10-24,2011-10-26,2011-11-24,True,True,-0.012285882128314829,-0.062268577747902065,0.049982695619587236,1.0,,,0.0,0.11060685619983501,0.20819965553341663,0.14464219377933876,0.0,198000.0,4564000.0,0.4816001045819988,0.5039545068305118,0.07252107980913786,0.13997646905026473,0.2777561608300908,0.9677429897378914,0.09296430820357782,-0.08001763899591952,-0.13733101169535744,0.023046681253941388,6094611.0,0.07957666477428282
3M COMPANY,3,2012,1484000.0,2883000.0,17575000.0,687092.0,,,5554000.0,,4444000.0,29904000.0,6507000.0,2915.79,33298000.0,15258000.0,214461.4,US88579Y1010,2012-10-23,MMM,2012-09-23,2012-10-22,2012-10-24,2012-11-22,True,True,0.012894510012192217,-0.011133094899539508,0.024027604911731726,1.0,,,0.0,0.009894971463307645,0.21759630818619582,0.14860888175494916,0.0,161000.0,4070000.0,0.4582257192624182,0.5278094780467295,0.08658177668328428,0.13346146915730675,0.2528591749644381,0.8980719562736501,-0.012802442553255022,0.05529707738545153,0.05590463495639786,0.008191117467036721,3530654.714285714,-0.015378863393349484
3M COMPANY,3,2013,1665000.0,2581000.0,17502000.0,663296.0,,,5977000.0,,4659000.0,30871000.0,6685000.0,3659.67,33190000.0,15242000.0,219903.7,US88579Y1010,2013-10-24,MMM,2013-09-24,2013-10-23,2013-10-25,2013-11-23,True,True,0.05821347270748212,0.027621603216637425,0.030591869490844692,1.0,,,0.0,0.03233681112894593,0.21654627320138642,0.15091833759839332,0.0,215000.0,4312000.0,0.45923470924977405,0.5273275082856282,0.07776438686351311,0.14037360650798433,0.26619814878299625,0.9301295570955107,0.017257128828782164,0.06290478354239637,0.20038401639194392,0.008025857153346225,2816199.409090909,0.02972899139974916
3M COMPANY,3,2014,1493000.0,1897000.0,13109000.0,635135.0,,,6726000.0,,4956000.0,31821000.0,7145000.0,4952.84,30380000.0,17238000.0,162620.2,US88579Y1010,2014-10-23,MMM,2014-09-23,2014-10-22,2014-10-24,2014-11-22,True,True,0.08365050774194005,0.05218140196481058,0.03146910577712947,1.0,,,0.0,0.030773217582844792,0.22453725527167595,0.15574620533609881,0.0,297000.0,5233000.0,0.567412771560237,0.4315009874917709,0.062442396313364054,0.1631336405529954,0.378060874208559,1.047432521395655,-0.04639370031475243,-0.03687402402192541,0.02984742214016589,0.015219016195329803,4211295.318181818,-0.0268677109447496
3M COMPANY,3,2015,1461000.0,1798000.0,11708000.0,609330.0,,,7210000.0,,4833000.0,30274000.0,7062000.0,5461.17,32208000.0,20461000.0,172424.9,US88579Y1010,2015-10-22,MMM,2015-09-22,2015-10-21,2015-10-23,2015-11-21,True,True,0.0269874912139898,0.008674115197610188,0.018313376016379612,1.0,,,0.0,-0.04861569403852806,0.23326947215432384,0.15964193697562265,0.0,-123000.0,5749000.0,0.6352769498261301,0.36351217088922005,0.05582463984103329,0.15005588673621462,0.4127946703108985,0.9399528067560854,0.06983759832869163,0.00911498548729206,-0.045118285270215774,0.009616711692418707,3219545.0454545454,0.040947223012214096
3M COMPANY,3,2016,1420000.0,2398000.0,10298000.0,596726.0,,,6669000.0,,5050000.0,30109000.0,7226000.0,6330.0,32484000.0,22141000.0,146103.4,US88579Y1010,2016-10-25,MMM,2016-09-25,2016-10-24,2016-10-26,2016-11-24,True,True,0.041104921466844635,0.03256268163007503,0.008542239836769605,1.0,,,0.0,-0.00545022131201689,0.2399946859742934,0.16772393636454216,0.0,217000.0,5249000.0,0.6815970939539465,0.3170176086688831,0.07382095801009728,0.1554611501046669,0.49038648281219654,0.9268870828715675,-0.02659850980257983,-0.029960730831316562,0.034124297043806484,0.006700611279808847,2300580.0476190476,0.0030340369572963155
3M COMPANY,3,2017,1373000.0,3053000.0,11563000.0,594884.0,,,5881000.0,,5620000.0,31657000.0,7326000.0,7758.38,37476000.0,25854000.0,137681.3,US88579Y1010,2017-10-24,MMM,2017-09-24,2017-10-23,2017-10-25,2017-11-23,True,True,-0.02074930914437445,0.017509537092092353,-0.038258846236466804,0.0,,,0.0,0.05141319871134886,0.23141801181413274,0.17752787693085256,0.0,570000.0,4508000.0,0.6898815241754723,0.30854413491301097,0.08146547123492369,0.1499626427580318,0.48603303640923634,0.8447272921336322,0.0513453371894943,0.11753038055835252,0.14951363854084065,0.004910088613772535,1933778.2857142857,0.028843396504826257
3M COMPANY,3,2018,1577000.0,2853000.0,9796000.0,576575.0,,,6711000.0,,5525000.0,32765000.0,6795000.0,7400.29,36135000.0,26287000.0,219777.2,US88579Y1010,2018-10-23,MMM,2018-09-23,2018-10-22,2018-10-24,2018-11-22,True,True,0.08402969544894967,-0.0011304593870905544,0.08516015483604022,1.0,,,0.0,0.03500015794295108,0.20738593010834733,0.16862505722569815,0.0,-95000.0,5134000.0,0.7274664452746644,0.2710945067109451,0.07895392278953922,0.15289885152898852,0.5640057166190282,0.9067386190673862,-0.05690629756784349,0.01011368433760218,0.02643314620545345,0.013940088765788922,2747633.4285714286,-0.055012946148652375
3M COMPANY,3,2019,1699000.0,2353000.0,10063000.0,575185.0,,,6267000.0,,4570000.0,32136000.0,6972000.0,6800.47,44138000.0,34012000.0,245777.1,US88579Y1010,2019-10-24,MMM,2019-09-24,2019-10-23,2019-10-25,2019-11-23,True,True,0.017827313565396352,0.03103427560082128,-0.01320696203542493,0.0,,,0.0,-0.019197314207233362,0.2169529499626587,0.14220811550908638,0.0,-955000.0,4568000.0,0.7705831709637954,0.22798948751642575,0.05331007295301101,0.10353890072046762,0.45413892477392426,0.7280801123748244,0.011993555146972534,-0.04393282286052569,-0.10386917648183147,0.015421590329362217,3370197.590909091,0.013552929925063628
3M COMPANY,3,2020,1501000.0,4634000.0,12867000.0,577750.0,,,7655000.0,,5384000.0,32184000.0,7039000.0,6285.32,46473000.0,33542000.0,279365.9,US88579Y1010,2020-10-27,MMM,2020-09-27,2020-10-26,2020-10-28,2020-11-26,True,True,0.12692961686872128,0.1102063701314222,0.01672324673729908,1.0,,,0.0,0.0014936519790889058,0.2187111608252548,0.1672880934625901,0.0,814000.0,6154000.0,0.7217524153809739,0.2768704409011684,0.0997138123211327,0.1158522152647774,0.4184347555762804,0.6925311471176813,0.027836314712632815,0.07945916588098156,0.08367745080223199,0.011612668151182134,2363899.761904762,0.015560182436142656
3M COMPANY,3,2021,1603000.0,4564000.0,15046000.0,571845.0,,,8205000.0,,5921000.0,35355000.0,7493000.0,8322.7,46491000.0,31374000.0,162422.2,US88579Y1010,2021-10-26,MMM,2021-09-26,2021-10-25,2021-10-27,2021-11-25,True,True,0.004688084138567472,0.034145411118378766,-0.029457326979811294,0.0,,,0.0,0.09852721849366142,0.21193607693395558,0.16747277612784614,0.0,537000.0,6602000.0,0.6748402916693553,0.3236325310275107,0.09816953819018735,0.1273579832655783,0.3935265186760601,0.7604697683422598,0.0033555428314662183,-0.08319253980744312,-0.055045887863827136,0.010005968954749781,2689644.6666666665,0.029166044358150955
3M COMPANY,3,2022,1749000.0,3655000.0,14722000.0,549245.0,,,6261000.0,,5777000.0,34229000.0,7405000.0,5567.7,45496000.0,30726000.0,216320.8,US88579Y1010,2022-10-25,MMM,2022-09-25,2022-10-24,2022-10-26,2022-11-24,True,True,0.055409910164891274,0.05340032996102728,0.002009580203863992,1.0,,,0.0,-0.031848394852213247,0.21633702416079933,0.1687750153378714,0.0,-144000.0,4512000.0,0.6753560752593635,0.32358888693511517,0.08033673289959557,0.12697819588535256,0.3924059231082733,0.7523518551081414,0.04761049306213261,-0.15030289992950197,-0.16230867258446746,0.021144633897683063,3839638.4285714286,0.03996602484191225
3M COMPANY,3,2023,1615000.0,5933000.0,4807000.0,552581.0,,,6363000.0,,-6995000.0,32681000.0,6825000.0,4607.76,45662000.0,40794000.0,266751.3,US88579Y1010,2023-10-24,MMM,2023-09-24,2023-10-23,2023-10-25,2023-11-23,True,True,0.08368698557562304,0.08973767047325532,-0.006050684897632275,0.0,,,0.0,-0.04522480937216977,0.2088369388941587,-0.21403873810470916,0.0,-12772000.0,4748000.0,0.893390565459244,0.10527353160176953,0.12993298585256888,-0.15319083701984143,-1.4551695444143957,0.715715474574044,-0.09695116998498787,-0.20895789895300876,-0.14301607067222144,0.012862567164179045,4384940.380952381,-0.027230814839194095
3M COMPANY,3,2024,1181000.0,5600000.0,3842000.0,539470.0,,,1890000.0,,4173000.0,24575000.0,6781000.0,5784.52,35722000.0,31828000.0,301367.1,US88579Y1010,2024-10-22,MMM,2024-09-22,2024-10-21,2024-10-23,2024-11-21,True,True,0.0006810972777737678,0.027128351924884386,-0.02644725464711062,0.0,,,0.0,-0.24803402588660073,0.27593082400813834,0.16980671414038656,0.0,11168000.0,709000.0,0.8909915458261015,0.10755276860198197,0.15676613851408097,0.1168187671462964,1.086153045288912,0.6879514024970607,-0.005897843007724779,0.29444190374676893,0.48346478572688123,0.008553795419828094,2978052.380952381,0.024505596406952046
3M COMPANY,4,2010,1091000.0,3377000.0,15663000.0,711978.0,,,5038000.0,,4085000.0,26662000.0,5941000.0,2734.37,29508000.0,13491000.0,268938.8,US88579Y1010,2011-01-25,MMM,2010-12-26,2011-01-24,2011-01-26,2011-02-24,True,True,0.011180911587320264,0.009716885066270553,0.0014640265210497105,1.0,,,0.0,,0.2228264946365614,0.1532143125046883,0.0,,3947000.0,0.4571980479869866,0.5308052053680358,0.114443540734716,0.13843703402467128,0.26080572048777373,0.9035515792327504,0.03804174180550057,0.004602985506917401,0.05499369013475475,0.006148159828458874,3300098.85,0.02745708769101407
3M COMPANY,4,2011,1379000.0,2219000.0,15420000.0,694970.0,,,5943000.0,,4283000.0,29611000.0,6165000.0,2269.07,30598000.0,14736000.0,426353.4,US88579Y1010,2012-01-26,MMM,2011-12-27,2012-01-25,2012-01-27,2012-02-25,True,True,0.015268595570759658,0.03876486352037589,-0.023496267949616234,0.0,,,0.0,0.11060685619983501,0.20819965553341663,0.14464219377933876,0.0,198000.0,4564000.0,0.4816001045819988,0.5039545068305118,0.07252107980913786,0.13997646905026473,0.2777561608300908,0.9677429897378914,0.05104518987264206,0.06978276236187919,0.0061760747628216706,0.008454383989134416,3762526.3,0.047988128858432955
3M COMPANY,4,2012,1484000.0,2883000.0,17575000.0,687092.0,,,5554000.0,,4444000.0,29904000.0,6507000.0,3066.15,33298000.0,15258000.0,215868.6,US88579Y1010,2013-01-24,MMM,2012-12-25,2013-01-23,2013-01-25,2013-02-23,True,True,0.03568355381269295,0.010914675350634395,0.024768878462058552,1.0,,,0.0,0.009894971463307645,0.21759630818619582,0.14860888175494916,0.0,161000.0,4070000.0,0.4582257192624182,0.5278094780467295,0.08658177668328428,0.13346146915730675,0.2528591749644381,0.8980719562736501,0.06760317840049423,0.14052660497496827,0.09898163035418484,0.006982249857504071,3137353.4210526315,0.053756481298624426
3M COMPANY,4,2013,1665000.0,2581000.0,17502000.0,663296.0,,,5977000.0,,4659000.0,30871000.0,6685000.0,4027.27,33190000.0,15242000.0,178232.0,US88579Y1010,2014-01-30,MMM,2013-12-31,2014-01-29,2014-01-31,2014-03-01,True,True,0.0579233867254314,0.04551610586431076,0.01240728086112064,1.0,,,0.0,0.03233681112894593,0.21654627320138642,0.15091833759839332,0.0,215000.0,4312000.0,0.45923470924977405,0.5273275082856282,0.07776438686351311,0.14037360650798433,0.26619814878299625,0.9301295570955107,-0.06577266958752781,0.040040318002224407,0.1129139287217169,0.010873612166362946,3252994.4,-0.0397419746598654
3M COMPANY,4,2014,1493000.0,1897000.0,13109000.0,635135.0,,,6726000.0,,4956000.0,31821000.0,7145000.0,4796.7,30380000.0,17238000.0,164233.8,US88579Y1010,2015-01-27,MMM,2014-12-28,2015-01-26,2015-01-28,2015-02-26,True,True,0.04102066067282739,0.05616054034132745,-0.015139879668500056,0.0,,,0.0,0.030773217582844792,0.22453725527167595,0.15574620533609881,0.0,297000.0,5233000.0,0.567412771560237,0.4315009874917709,0.062442396313364054,0.1631336405529954,0.378060874208559,1.047432521395655,-0.01481608500841558,0.09308595586817225,0.155601381044705,0.011734430349521449,2816491.8421052634,-0.015667324094813306
